PARTY,TOTAL_COST,PARTY_VOTES,COST_PER_VOTE
"Telugu Desam",161500000,12775270,12.6416
"Janasena Party",19000000,1454138,13.0662
"Janata Dal  (Secular)",28500000,2173701,13.1113
"Asom Gana Parishad",19000000,1298707,14.6299
"Rashtriya Loktantrik Party",9500000,596955,15.9141
"All India Trinamool Congress",456000000,28213393,16.1625
"Indian Union Muslim League",28500000,1716186,16.6066
"Voice of the People Party",9500000,571078,16.6352
"Lok Janshakti Party(Ram Vilas)",47500000,2810250,16.9024
"Marumalarchi Dravida Munnetra Kazhagam",9500000,542213,17.5208
"Bharatiya Janata Party",4189500000,235973935,17.7541
"Dravida Munnetra Kazhagam",209000000,11754710,17.7801
"Yuvajana Sramika Rythu Congress Party",237500000,13316039,17.8356
"Janata Dal  (United)",152000000,8039663,18.9063
"Hindustani Awam Morcha (Secular)",9500000,494960,19.1935
"Nationalist Congress Party – Sharadchandra Pawar",114000000,5921162,19.2530
"Shiv Sena",142500000,7401447,19.2530
"United People’s Party Liberal",9500000,488995,19.4276
"Shiv Sena (Uddhav Balasaheb Thackrey)",199500000,9567779,20.8512
"Biju Janata Dal",199500000,9413379,21.1932
"Rashtriya Lok Dal",19000000,893460,21.2656
"Jharkhand Mukti Morcha",57000000,2652955,21.4855
"Rashtriya Janata Dal",228000000,10107402,22.5577
"Indian National Congress",3116000000,136759064,22.7846
"Samajwadi Party",674500000,29549381,22.8262
"Assam Jatiya Parishad",9500000,414441,22.9224
"Nationalist Congress Party",47500000,2059179,23.0674
"Apna Dal (Soneylal)",19000000,808245,23.5077
"Vikassheel Insaan Party",28500000,1187455,24.0009
"Jammu & Kashmir National Conference",28500000,1147041,24.8465
"Kerala Congress",9500000,364631,26.0537
"Nationalist Democratic Progressive Party",9500000,350967,27.0681
"Suheldev Bharatiya Samaj Party",9500000,340188,27.9257
"Aam Aadmi Party",209000000,7147800,29.2398
"Naga Peoples Front",9500000,299536,31.7157
"Kerala Congress  (M)",9500000,277365,34.2509
"Bahujan Vikas Aaghadi",9500000,254517,37.3256
"Rashtriya Lok Morcha",9500000,253876,37.4198
"All India Anna Dravida Munnetra Kazhagam",342000000,8952587,38.2012
"Communist Party of India  (Marxist-Leninist)  (Liberation)",66500000,1736771,38.2894
"Desiya Murpokku Dravida Kazhagam",47500000,1128616,42.0869
"Communist Party of India  (Marxist)",494000000,11342553,43.5528
"Bharat Rashtra Samithi",161500000,3657237,44.1590
"All India United Democratic Front",28500000,625954,45.5305
"Zoram People’s Movement",9500000,208552,45.5522
"Amma Makkal Munnettra Kazagam",19000000,393415,48.2951
"Bodoland Peoples Front",38000000,777570,48.8702
"Pattali Makkal Katchi",95000000,1879689,50.5403
"Sikkim Krantikari Morcha",9500000,164396,57.7873
"AJSU Party",28500000,458677,62.1352
"Jammu & Kashmir Peoples Democratic Party",28500000,435980,65.3700
"Mizo National Front",9500000,140264,67.7294
"Shiromani Akali Dal",123500000,1814318,68.0697
"National Peoples Party",28500000,417930,68.1932
"Tamil Maanila Congress  (Moopanar)",28500000,410401,69.4443
"Bharath Dharma Jana Sena",38000000,505753,75.1355
"Communist Party of India",285000000,3157184,90.2703
"Jammu and Kashmir Apni Party",19000000,208149,91.2808
"All India Majlis-E-Ittehadul Muslimeen",142500000,1400215,101.7701
"Swabhimani Paksha",19000000,185371,102.4972
"Naam Tamilar Katchi",380000000,3600088,105.5530
"Jammu & Kashmir People Conference",19000000,174890,108.6397
"Citizen Action Party-Sikkim",9500000,83566,113.6826
"Sikkim Democratic Front",9500000,77171,123.1032
"Viduthalai Chiruthaigal Katchi",123500000,990237,124.7176
"Twenty 20 Party",19000000,145450,130.6291
"Revolutionary Socialist Party",95000000,587363,161.7398
"Bharat Adivasi Party",209000000,1257056,166.2615
"United Democratic Party",9500000,44563,213.1813
"Vanchit Bahujan  Aaghadi",361000000,1582855,228.0689
"New Rashtriya Samaj Party",19000000,83046,228.7889
"All India Secular Front",161500000,650229,248.3740
"Shiromani Akali Dal (Amritsar)(Simranjit Singh Mann)",133000000,521749,254.9118
"Indian National Lok Dal",66500000,226975,292.9838
"Revolutionary Goans Party",19000000,64578,294.2178
"Rashtriya Samaj Paksha",171000000,521746,327.7457
"Bahujan Samaj Party",4636000000,13153818,352.4452
"Aazad Samaj Party (Kanshi Ram)",247000000,691820,357.0293
"Abhinav Rajasthan Party",9500000,26294,361.2992
"Sanyukt Kisan Vikas Party",9500000,25291,375.6277
"Democratic Progressive Azad Party",19000000,40665,467.2323
"Rashtriya Jan Kalyan Party Secular",9500000,19495,487.3044
"Jharkhand Peoples Party",9500000,19494,487.3294
"Republican Sena",9500000,18793,505.5074
"Prahar Janshakti Party",47500000,90759,523.3641
"Mithilanchal Mukti Morcha",9500000,18025,527.0458
"Gana Suraksha Party",104500000,180000,580.5556
"Republican Party of India (Athawale)",95000000,155721,610.0654
"Hindustan Vikas Dal",9500000,15140,627.4769
"Gondvana Gantantra Party",218500000,312997,698.0898
"Samnak Janta Party",47500000,67374,705.0197
"Rashtriya Jan Jan Party",9500000,13213,718.9889
"Jai Hind Party",9500000,13014,729.9831
"Moolniwasi Samaj Party",47500000,61033,778.2675
"None of the Above",5149000000,6372220,808.0386
"Jannayak Janta Party",95000000,113827,834.5999
"Telangana Sakalajanula Party",9500000,10859,874.8504
"Rashtriya Uttarakhand Party",9500000,10026,947.5364
"Aadarsh Mithila Party",28500000,29550,964.4670
"Samaj Shakti Party",28500000,29235,974.8589
"Autonomous State Demand Committee",9500000,9633,986.1933
"Rashtriya Samanta Dal",28500000,28340,1005.6457
"Rashtriya Jan Awaz Party",9500000,9299,1021.6152
"Rashtriya Jansambhavna Party",180500000,168740,1069.6930
"All India Forward Bloc",313500000,289941,1081.2545
"Bhartiya Kranti Vir Party",9500000,8749,1085.8384
"Yuva Krantikari Party",9500000,8736,1087.4542
"Akhil Bhartiya Apna Dal",9500000,8678,1094.7223
"Abhay Samaj Party",9500000,8583,1106.8391
"Parcham Party of India",9500000,8404,1130.4141
"Dhanwan Bharat Party",9500000,8389,1132.4353
"Andaman Nicobar Democratic Congress",9500000,8254,1150.9571
"Janhit Sankalp Party",9500000,8194,1159.3849
"Dr. Ambedkar Peoples Party",9500000,8089,1174.4344
"Rashtriya Jansangharsh Swaraj Party",9500000,7803,1217.4805
"Alliance of Democratic Reforms Party",133000000,108334,1227.6848
"Bharat Jan Jagran Dal",9500000,7736,1228.0248
"Praja Shanthi Party",9500000,7696,1234.4075
"Pragatisheel Manav Samaj Party",19000000,15250,1245.9016
"Marxist Leninist Party of India (Red Flag)",9500000,7085,1340.8610
"Malwa Congress",19000000,13925,1364.4524
"Manas Lokshakti Dal",28500000,20450,1393.6430
"Naam Indiar Party",9500000,6640,1430.7229
"Arunachal Democratic Party",9500000,6622,1434.6119
"Samata Samadhan Party",9500000,6614,1436.3471
"Loktantrik Samajik Nyay Party",9500000,6542,1452.1553
"Bharat Jago Janta Party",9500000,6340,1498.4227
"Bhartiya Lok Nayak Party",19000000,12411,1530.9000
"Bhartiya Awam Party (Rastriya)",9500000,6160,1542.2078
"Praja Velugu Party",19000000,12199,1557.5047
"Aapki Awaaz Party",9500000,6087,1560.7031
"Rashtriya Shoshit Samaj Party",85500000,53911,1585.9472
"Bharatiya Jan Kranti Dal (Democratic)",19000000,11914,1594.7625
"Rashtra Sewa Dal",9500000,5919,1605.0008
"Bahujan Maha Party",123500000,76254,1619.5872
"Uttarakhand Parivartan Party",9500000,5778,1644.1675
"Voters Party  International",104500000,63496,1645.7730
"Rashtriya Gondvana Party",19000000,11446,1659.9685
"Rashtriya Sanatan Party",28500000,16859,1690.4917
"Bharatiya Aam Awam Party",9500000,5585,1700.9848
"Al-Hind Party",38000000,22308,1703.4248
"Bhartiya Dalit Party",19000000,11139,1705.7186
"Bharatiya Gana Parishad",47500000,27554,1723.8876
"Karpoori Janta Dal",28500000,16512,1726.0174
"Wazib Adhikar Party",28500000,16506,1726.6449
"Hindustan Peoples Party (Democratic)",19000000,10992,1728.5298
"Adarsh Nyay Rakshak Party",9500000,5484,1732.3122
"Samaj Parivartan Party",9500000,5303,1791.4388
"Apna Kisan Party",19000000,10538,1802.9987
"Bharatiya Praja Aikyata Party",47500000,26271,1808.0773
"Lokhit Adhikar Party",114000000,62136,1834.6852
"Apni Ekta Party",9500000,5139,1848.6087
"Hamar Raj Party",76000000,40746,1865.2138
"Sarv Adi Dal",38000000,20348,1867.5054
"National World Leader Party",9500000,5063,1876.3579
"Janhit Kisan Party",9500000,5030,1888.6680
"Political Justice Party",9500000,5023,1891.3000
"Sarvjan Samta Party",9500000,5020,1892.4303
"Hindustan Samaj Party",9500000,4991,1903.4262
"Indian Peoples Green Party",76000000,39778,1910.6039
"Bharat Rakshak Party (Democratic)",9500000,4961,1914.9365
"Akhil Hind Forward Bloc (Krantikari)",19000000,9902,1918.8043
"Amra Bangalee",9500000,4925,1928.9340
"Aam Janta Party Rashtriya",19000000,9760,1946.7213
"Baliraja Party",66500000,33787,1968.2126
"Bhartiya Gandhiwadi Party",9500000,4822,1970.1369
"Sikkim Republican Party",9500000,4799,1979.5791
"Sanatan Sanskriti Raksha Dal",19000000,9347,2032.7378
"Jammu & Kashmir National Panthers Party (Bhim)",47500000,23268,2041.4303
"Telangana Praja Shakthi Party",19000000,9290,2045.2099
"Shoshit Samaj Dal",9500000,4618,2057.1676
"Janta Kranti Party (Rashtravadi)",38000000,18401,2065.1052
"Bharatiya Bahujan Congress",19000000,9165,2073.1042
"Janshakti Samta Party",9500000,4577,2075.5954
Independent,37240000000,17844442,2086.9243
"Bhartiya Samajik Party",9500000,4507,2107.8323
"Jai Samta Party",19000000,8933,2126.9450
"Janata Congress",19000000,8900,2134.8315
"Telangana Rashtra Punahnirmana Samithi",9500000,4433,2143.0183
"Rishivadi Karm Sheel Young Parmarthi Party",9500000,4401,2158.6003
"Bhartiya Panchsheel Party",9500000,4345,2186.4212
"Apna Desh Party",9500000,4297,2210.8448
"The National Road Map Party of India",38000000,17126,2218.8485
"Peace Party",85500000,38506,2220.4332
"Akhil Bhartiya Hamara Samaj Party",9500000,4225,2248.5207
"Viro Ke Vir Indian Party",171000000,75941,2251.7481
"Navataram Party",38000000,16864,2253.3207
"Eklavya Samaj Party",19000000,8352,2274.9042
"National Apni Party",38000000,16699,2275.5854
"Mahanwadi Party",28500000,12364,2305.0793
"Apna Haq Party",9500000,4094,2320.4690
"Aas Punjab Party",19000000,8114,2341.6317
"Dhesiya Makkal Kazhagam",19000000,8089,2348.8688
"Navarang Congress Party",161500000,67432,2395.0053
"Bhartiya Sarthak Party",57000000,23640,2411.1675
"Akhand Bharat Samrajya Party",9500000,3930,2417.3028
"Rashtrawadi Chetna Party",9500000,3915,2426.5645
"Jharkhand Party",47500000,19527,2432.5293
"Akhil Bhartiya Sarvjan Hit Party",9500000,3892,2440.9044
"Akhila Vijaya Party",9500000,3882,2447.1922
"Bajjikanchal Vikas Party",19000000,7747,2452.5623
"Swatantra Kisan Party",9500000,3849,2468.1736
"Jan Janwadi Party",38000000,15240,2493.4383
"Mizoram Peoples Conference",9500000,3793,2504.6138
"Loktantrik Samajwadi Party",19000000,7554,2515.2237
"Bharat Nirman Party",9500000,3772,2518.5578
"National Loktantrik Party",28500000,11286,2525.2525
"Telugu Nava Garjana Party",9500000,3741,2539.4280
"Naba Bharata Nirmana Seva Party",47500000,18579,2556.6500
"National Jan Dal",28500000,11116,2563.8719
"Bharatiya Momin Front",28500000,10972,2597.5210
"Samajhdar Party",47500000,18223,2606.5961
"Mana Telangana Rashtra Samaikya Party",9500000,3634,2614.1992
"Jai Sewalal Bahujan Vikas Party",9500000,3628,2618.5226
"Jai Prakash Janata Dal",38000000,14477,2624.8532
"Jagrook Janta Party",57000000,21566,2643.0492
"Apna Dal (Kamerawadi)",104500000,39128,2670.7217
"Lok Sewa Dal",9500000,3519,2699.6306
"Pragatisheel Samaj Party",28500000,10553,2700.6538
"Shakti Sena (Bharat Desh)",57000000,21036,2709.6406
"Ambedkarite Party of India",361000000,132444,2725.6803
"Bhagidari Party(P)",142500000,51978,2741.5445
"Sarv Samaj Party",19000000,6879,2762.0294
"Bharatiya Kisan Parivartan Party",28500000,10272,2774.5327
"Bharatiya Rashtriya Morcha",9500000,3358,2829.0649
"Rashtra Uday Party",85500000,30073,2843.0818
"Vishwa Kalyan Rashtriya Manav Samaj Party",19000000,6678,2845.1632
"Samata Party",209000000,73318,2850.5960
"Vanchitsamaj Insaaf Party",9500000,3330,2852.8529
"Asom Jana Morcha",28500000,9895,2880.2425
"Bahujan Bharat Party",95000000,32870,2890.1734
"Sarvjan Lok Shakti Party",9500000,3280,2896.3415
"Jatiya Jana Sena Party",66500000,22935,2899.4986
"Janta Samta Party",9500000,3264,2910.5392
"Rashtriya Janshakti Party(Eklavya)",9500000,3263,2911.4312
"Ekam Sanatan Bharat Dal",180500000,61024,2957.8526
"Socialist Unity Centre Of India (COMMUNIST)",1425000000,480997,2962.5964
"Aam Janmat Party",9500000,3205,2964.1186
"Swatantrata Abhivyakti Party",38000000,12741,2982.4974
"Abua Jharkhand Party",9500000,3155,3011.0935
"Peoples Party of India (Democratic)",750500000,247985,3026.3927
"Bharatiya Yuva Jan Ekta Party",85500000,27969,3056.9559
"Bhartiya Jantantra Morcha",9500000,3094,3070.4590
"Uttarakhand Kranti Dal",28500000,9270,3074.4337
"Bharatiya National Janata Dal",28500000,9258,3078.4187
"Bhartiya Lokmat Rashtrwadi Party",47500000,15411,3082.2140
"Parivartan Samaj Party",38000000,12304,3088.4265
"Akhil Bhartiya Parivar Party",342000000,110210,3103.1667
"Sanman Rajkiya Paksha",19000000,6075,3127.5720
"Minorities Democratic Party",28500000,8978,3174.4264
"Jan Shakti Dal",9500000,2955,3214.8900
"Justice Party",9500000,2946,3224.7115
"Ummeed Party of India",9500000,2944,3226.9022
"Sampoorna Bharat Kranti Party",9500000,2944,3226.9022
"Aihra National Party",19000000,5833,3257.3290
"Samst Samaj Party",9500000,2904,3271.3499
"Kisan Mazdoor Sangharsh Party",57000000,17336,3287.9557
"Sarva Janata Party",19000000,5771,3292.3237
"Bhartiya Shakti Chetna Party",380000000,115024,3303.6584
"Rashtravadi Bharat Party",19000000,5702,3332.1642
"New India United Party",28500000,8542,3336.4552
"Mera Adhikaar Rashtriya Dal",28500000,8514,3347.4278
"Jammu and Kashmir Nationalist Peoples Front",28500000,8453,3371.5841
"Yuga Thulasi Party",76000000,22247,3416.1909
"Navyug Pragatisheel Morcha",9500000,2779,3418.4959
"Akhil Bharatiya Congress Dal (Ambedkar)",9500000,2777,3420.9579
"Rashtriya Jansabha Party",66500000,19318,3442.3853
"Garib Democratic Party",9500000,2748,3457.0597
"Karnataka Jantha Paksha",19000000,5491,3460.2076
"Purvanchal Mahapanchayat",28500000,8217,3468.4191
"Prabuddha Republican Party",85500000,24361,3509.7081
"Swarajya Shakti Sena",38000000,10802,3517.8671
"Saath Sahakar Vikas Party",9500000,2673,3554.0591
"Sathi Aur Aapka Faisala Party",9500000,2666,3563.3908
"National Awami United Party",19000000,5319,3572.1000
"Swatantra Jantaraj Party",38000000,10627,3575.7975
"Social Democratic Party Of India",152000000,42465,3579.4183
"Bahujan Mukti Party",266000000,73935,3597.7548
"Bhartiya Jan Samrat Party",9500000,2640,3598.4848
"Krupaa Party",19000000,5246,3621.8071
"Delhi Janta Party",19000000,5235,3629.4174
"Dharmarajya Paksha",19000000,5233,3630.8045
"Jharkhand Mukti Morcha  (Ulgulan)",9500000,2615,3632.8872
"Viduthalai Kalam Katchi",9500000,2599,3655.2520
"Jai Maha Bharath Party",66500000,18133,3667.3468
"Gunj Satya Ni Janata Party",28500000,7761,3672.2072
"Dharma Samaj Party",142500000,38730,3679.3184
"Kisan Kranti Dal",19000000,5153,3687.1725
"Sapaks Party",19000000,5149,3690.0369
"Sabhi Jan Party",19000000,5147,3691.4708
"Bharatiya Nyay-Adhikar Raksha Party",104500000,28192,3706.7253
"Loktantra Congress Party",19000000,5100,3725.4902
"Moulik Adhikar Party",95000000,25490,3726.9517
"Haryana Jansena Party",28500000,7646,3727.4392
"Rashtriya Jankranti Party",28500000,7646,3727.4392
"Smart Indians Party",9500000,2510,3784.8606
"Anna Makkal Katchi",9500000,2505,3792.4152
"Indian National League",38000000,9918,3831.4176
"Pragatisheel Magahi Samaj",9500000,2468,3849.2707
"Rashtriya Kisan Bahujan Party",47500000,12309,3858.9650
"Naki Bharatiya Ekta Party",47500000,12299,3862.1026
"Gujarat Loktantra Party",9500000,2458,3864.9308
"Bharatha Chaitanya Yuvajana Party",66500000,17173,3872.3578
"All India Arya Mahasabha",28500000,7345,3880.1906
"Rashtriya Devbhumi Party",38000000,9781,3885.0833
"Bharatiya Nagrik Party",9500000,2434,3903.0403
"Aapka Gantantra Party",9500000,2432,3906.2500
"Ahimsa Socialist Party",9500000,2421,3923.9983
"Rashtrawadi Janlok Party (Satya)",47500000,12049,3942.2359
"Azad Adhikar Sena",47500000,12021,3951.4184
"Manavtawadi Samaj Party",28500000,7136,3993.8341
"Rashtriya Praja Congress  (Secular)",57000000,14219,4008.7207
"Jantantra Awaj Party",57000000,14218,4009.0027
"Bhartiya Rashtriya Ekta Dal",19000000,4732,4015.2156
"Samruddha Odisha",28500000,7087,4021.4477
"Jan Sangh Party",28500000,7060,4036.8272
"Proutist Bloc India",57000000,14110,4039.6882
"Lok Sena Party",9500000,2350,4042.5532
"Bahujan Samaj Party  (Ambedkar)",38000000,9391,4046.4274
"Rashtriya Jantantrik Bharat Vikas Party",9500000,2347,4047.7205
"National Youth Party",9500000,2343,4054.6308
"Rayalaseema Rashtra Samithi",9500000,2333,4072.0103
"Azad Party",9500000,2311,4110.7746
"Bharat Ki Lok Jimmedar Party",9500000,2310,4112.5541
"Rashtriya Jan Utkarsh Party",9500000,2309,4114.3352
"Bharat Mahaparivar Party",19000000,4582,4146.6608
"Andhra Rastra Praja Samithi",28500000,6846,4163.0149
"Rashtriya Ulama Council",57000000,13657,4173.6838
"New India Party",9500000,2269,4186.8665
"Hindrashtra Sangh",38000000,8970,4236.3434
"Sarvjan Awaz Party",9500000,2239,4242.9656
"Party for Democratic Socialism",28500000,6651,4285.0699
"Azad Janata Party",19000000,4429,4289.9074
"Rashtriya Jansanchar Dal",28500000,6617,4307.0878
"Jebamani Janata",19000000,4356,4361.7998
"Kalinga Sena",19000000,4284,4435.1074
"Akhil Bhartiya Manavadhikar Vichar Manch Party",9500000,2108,4506.6414
"Gujarat Sarva Samaj Party",19000000,4211,4511.9924
"Majdoor Kisan Union Party",9500000,2105,4513.0641
"Aam Janta Party (India)",66500000,14729,4514.9026
"Rashtriya Power Party",9500000,2101,4521.6564
"Jai Hind Congress Party",9500000,2101,4521.6564
"Prabal Bharat Party",9500000,2099,4525.9647
"Sunahara Bharat Party",9500000,2091,4543.2807
"Most Backward Classes Of India",9500000,2090,4545.4545
"Rashtriya Janshakti Party (Secular)",28500000,6251,4559.2705
"Manviya Bharat Party",9500000,2082,4562.9203
"Maharashtra Vikas Aghadi",95000000,20721,4584.7208
"Dalita Bahujana Party",47500000,10311,4606.7307
"National Nava Kranthi Party",47500000,10284,4618.8254
"Vikas Insaf Party",9500000,2033,4672.8972
"Bhartiya Rashtriya Dal",57000000,12178,4680.5715
"Sabse Achchhi Party",9500000,2029,4682.1094
"Uttama Prajaakeeya Party",190000000,40491,4692.4008
"North Bengal People’s Party",28500000,6073,4692.9030
"Indian Peoples Adhikar Party",19000000,4041,4701.8065
"Tamilaga Makkal Thannurimai Katchi",19000000,4033,4711.1332
"Log Party",95000000,20120,4721.6700
"Bhartiya Sarvdharm Party",9500000,2012,4721.6700
"People’s Union Party",9500000,2009,4728.7208
"Republican Party of India (A)",218500000,46160,4733.5355
"Sardar Patel Siddhant Party",218500000,46145,4735.0742
"Sainik Samaj Party",76000000,16040,4738.1546
"Bharathiya YuvaKula Dalam",19000000,4007,4741.7020
"Spashtwadi Jan Aadhar Party",9500000,2003,4742.8857
"Bahujan Awam Party",19000000,3989,4763.0985
"Yuva Bihar Sena",9500000,1990,4773.8693
"Bhartiya Jan Samman Party",28500000,5968,4775.4692
"Lok Jan Sangharsh Party",19000000,3954,4805.2605
"Hindu Samaj Party",66500000,13824,4810.4745
"Telugu Rajadhikara Samiti Party",28500000,5906,4825.6011
"Rashtriya Samta Vikas Party",19000000,3926,4839.5313
"Bhartiya Lokvani Party",9500000,1956,4856.8507
"Rashtriya Manav Party",19000000,3905,4865.5570
"Bhartiya Lok Chetna Party",28500000,5852,4870.1299
"Sankhyanupati Bhagidari Party",9500000,1949,4874.2945
"Janta Shashan Party",9500000,1942,4891.8641
"Bhartiya Jan Adhikar Party",9500000,1940,4896.9072
"Humanity for Peace Party",9500000,1935,4909.5607
"Madhya Pradesh Jan Vikas Party",9500000,1932,4917.1843
"Gondwana Dandkaranya Party",19000000,3857,4926.1084
"Uttarakhand Samanta Party",19000000,3845,4941.4824
"Jai Swaraj Party",38000000,7684,4945.3410
"Bhartiya Krishak Dal",28500000,5723,4979.9056
"Mang Samaj Party",9500000,1905,4986.8766
"Bharatheeya Jawan Kisan Party",389500000,78104,4986.9405
"Samajwadi Lok Parishad",9500000,1880,5053.1915
"Bhartiya Asmita Party",9500000,1874,5069.3703
"Kamatapur People’s Party (United)",57000000,11206,5086.5608
"Kannada Chalavali Vatal Paksha",9500000,1867,5088.3771
"Desh Janhit Party",104500000,20498,5098.0583
"The Agrani Party",9500000,1843,5154.6392
"Karnataka Rashtra Samithi",266000000,51529,5162.1417
"Bhartiya Jan Nayak Party",9500000,1838,5168.6616
"Asankhya Samaj Party",19000000,3672,5174.2919
"Vidarbha Rajya Aghadi",9500000,1828,5196.9365
"Sanyukt Bharat Paksh",19000000,3656,5196.9365
"Rashtra Nirman Party",57000000,10964,5198.8325
"Anti Corruption Dynamic Party",47500000,9128,5203.7686
"Adarsh Jankalyan Dal",9500000,1817,5228.3985
"Rashtriya Hind Ekta Dal",9500000,1806,5260.2436
"Makkal Nalvaazhvuk Katchi",9500000,1792,5301.3393
"Prajavani  Party",9500000,1792,5301.3393
"Mulnibasi Party of India",76000000,14168,5364.2010
"National Party",9500000,1767,5376.3441
"All India Youth Development Party",19000000,3528,5385.4875
"Right to Recall Party",313500000,58024,5402.9367
"Naari Nar Rakshak Party",19000000,3501,5427.0209
"Samyak Party",28500000,5250,5428.5714
"People Protection Party",9500000,1737,5469.1998
"Kosal Janata Dal",9500000,1735,5475.5043
"Bhartiya Navjawan Sena (Paksha)",28500000,5183,5498.7459
"Telangana Rajya Samithi",9500000,1727,5500.8686
"Akhand Bharat Janpriya Party",9500000,1716,5536.1305
"Aim Political Party",9500000,1715,5539.3586
"Bharatiya Bikash Parishad",19000000,3430,5539.3586
"Prabuddhwadi Bahujan Morcha",19000000,3417,5560.4331
"Sunder Samaj Party",19000000,3409,5573.4820
"Bharatiya Ekta Dal",9500000,1704,5575.1174
"Kamgaar Kisan Party",9500000,1701,5584.9500
"Ahinsa Samaj Party",9500000,1698,5594.8174
"Peoples Party of India(secular)",19000000,3392,5601.4151
"Democratic Bharatiya Samaj Party",47500000,8472,5606.7044
"India Praja Bandhu Party",95000000,16942,5607.3663
"Bhim Sena",142500000,25346,5622.1889
"Jan Raajya Party",19000000,3376,5627.9621
"Bhartiya Janta Secular Party",9500000,1685,5637.9822
"Rashtra Dharak Dal",9500000,1683,5644.6821
"Paschimanchal Vikas Party",9500000,1682,5648.0380
"Yuva Vikas Party",9500000,1679,5658.1298
"Bharat Jan Aadhar Party",9500000,1675,5671.6418
"Aravor Munnetra Kazhagam",47500000,8345,5692.0312
Nyaydharmsabha,38000000,6607,5751.4757
"Bahujan Republican  Socialist Party",171000000,29619,5773.3212
"Punjab National Party",28500000,4934,5776.2465
"Rashtriya Janmorcha",9500000,1639,5796.2172
"Anna YSR Congress Party",66500000,11459,5803.2987
"Samajwadi Jan Parishad",9500000,1637,5803.2987
"Majloom Samaj Party",19000000,3237,5869.6324
"Atulya Bharat Party",9500000,1617,5875.0773
"Hamara Sahara Party",9500000,1614,5885.9975
"Prajarajya Samithi",9500000,1614,5885.9975
"Jai Bharat National Party",133000000,22466,5920.0570
"Abhinav Bharat Janseva Paksh",9500000,1602,5930.0874
"Puthiya Makkal Tamil Desam Katchi",28500000,4768,5977.3490
"Rashtriya Mahaswaraj Bhumi Party",28500000,4764,5982.3678
"Adim Bhartiya Dal",9500000,1584,5997.4747
"Republican Bahujan Sena",19000000,3161,6010.7561
"Janta Samajwadi Party (Vivek Raj)",9500000,1574,6035.5781
"Hindvi Swarajyay Dal",9500000,1573,6039.4151
"Indian Unity Centre",9500000,1572,6043.2570
"United Republican Party of India",66500000,10997,6047.1038
"Chhattisgarh Vikas Ganga Rashtriya Party",38000000,6227,6102.4570
"Bhartiya Party",9500000,1549,6132.9890
"Global Republican Party",47500000,7734,6141.7119
"Janseva Gondwana Party",28500000,4617,6172.8395
"Anna Puratchi Thalaivar Amma Dravida Munnetra Kazhagam",19000000,3078,6172.8395
"Bharatiya Lokshakti Party",9500000,1537,6180.8718
"Socialist Party (India)",123500000,19940,6193.5807
"Bahujan Dravida Party",133000000,21388,6218.4402
"Rashtriya Narayanwadi Vikas Party",9500000,1527,6221.3491
"Jan Sewa Driver Party",57000000,9135,6239.7373
"Bharat Jodo Party",38000000,6045,6286.1869
"Bhumiputra United Party",19000000,3018,6295.5600
"Bhartiya Azad Sena",19000000,3018,6295.5600
"Aapki Apni Party (Peoples)",38000000,6033,6298.6905
"Lok Swarajya Party",19000000,2992,6350.2674
"Rashtriya Janshakti Samaj Party",19000000,2988,6358.7684
"Rashtriya Sanskriti Party",9500000,1494,6358.7684
"Public Adhikar Socialist Indian Party",9500000,1493,6363.0275
"Mahathma Makkal Munnetra Kazhakam",19000000,2981,6373.7001
"Bhartiya Uday Nirman Party",9500000,1483,6405.9339
"Aam Janshakti Party",9500000,1478,6427.6049
"Janlok Vikas Party",9500000,1473,6449.4229
"Bharatiya Bahujan Samta Party",9500000,1459,6511.3091
"Indian National Socialistic Action Forces",38000000,5781,6573.2572
"AARAKSHAN VIRODHI PARTY",9500000,1444,6578.9474
"Supreme Zero Party of Bharat",9500000,1441,6592.6440
"Vishal Janta Party",9500000,1421,6685.4328
"Social Justice Party of India",57000000,8519,6690.9262
"Veerath Thiyagi Viswanathadoss Thozhilalarkal Katchi",85500000,12735,6713.7809
"Republican Party of India (Social)",19000000,2818,6742.3705
"Swayam Shashan Party",9500000,1408,6747.1591
"Azad Samaj Party",19000000,2791,6807.5958
"Karunada Sevakara Party",28500000,4175,6826.3473
"Adarsh Janta Party",9500000,1376,6904.0698
"All India Mazdoor Party (Rangreta)",9500000,1374,6914.1194
"Bharatiya Praja Surajya Paksha",19000000,2737,6941.9072
"Hindustan Janta Party Secular",9500000,1366,6954.6120
"Prithviraj Janshakti Party",9500000,1364,6964.8094
"Jai Hind National Party",38000000,5451,6971.1979
"Swaraj Bhartiya Nyay Party",28500000,4088,6971.6243
"Bhartiya Garib Vikas Kalyan Party",9500000,1347,7052.7097
"Bhartiya Jan Parishad",28500000,4020,7089.5522
"Subhashwadi Bhartiya Samajwadi Party (Subhas Party)",47500000,6699,7090.6105
"Rashtriya Janmanch (Secular)",9500000,1333,7126.7817
"Gorkha Rashtriya Congress",9500000,1331,7137.4906
"Garib Kalyan Party",28500000,3979,7162.6037
"Hindustan Janta Party",57000000,7914,7202.4261
"Rashtriya Janta Party",9500000,1319,7202.4261
"Janshakti Janta Dal",9500000,1318,7207.8907
"Lok Samaj Party",9500000,1294,7341.5765
"Sardar Vallabhbhai Patel Party",38000000,5152,7375.7764
"Bharatiya Majdoor Janta Party",19000000,2566,7404.5207
"Rashtriya Garib Dal",38000000,5105,7443.6827
"Rashtriya Vikalp Party",9500000,1269,7486.2096
"Swarajya Sena (Maharashtra)",19000000,2533,7500.9870
"Rajasthan Raj Party",9500000,1264,7515.8228
"Jaibhim Rao Bharat Party",114000000,15165,7517.3096
"Insaniyat Party",28500000,3790,7519.7889
"Akhil Bharatiya Hind Kranti Party",9500000,1259,7545.6712
"All India Ulama Congress",19000000,2500,7600.0000
"Desiya Makkal Sakthi Katchi",85500000,11211,7626.4383
"Rashtriya Vikas Party",9500000,1240,7661.2903
"Indian Believers Party (IBP)",9500000,1239,7667.4738
"Jay Vidarbha Party",38000000,4951,7675.2171
"Pehchan People’s Party",9500000,1228,7736.1564
"Odisha Janata Party",19000000,2442,7780.5078
"Prajatantra Aadhar Party",19000000,2429,7822.1490
"Bhartiya Manavta Party",19000000,2426,7831.8219
"Rashtriya Samaj Dal (R)",85500000,10877,7860.6233
"Bangali Nabanirman Sena",19000000,2410,7883.8174
"Sarvar Party",9500000,1202,7903.4942
"National Future Party",9500000,1197,7936.5079
"Megh Desham Party",9500000,1194,7956.4489
"Nationalist Justice Party",66500000,8357,7957.4010
"National Janmandal Party",9500000,1193,7963.1182
"Sajag Samaj Party",9500000,1191,7976.4903
"Awami Samta Party",9500000,1190,7983.1933
"Sarva Samaj Janata Party",19000000,2379,7986.5490
"Vishva Shakti Party",19000000,2361,8047.4375
"Kamera Samaj Party",9500000,1177,8071.3679
"Adarshwaadi Congress Party",9500000,1173,8098.8917
"Dalit Soshit Pichhara Varg  Adhikar Dal",19000000,2342,8112.7242
"Tamil Manila Murpokku Dravida Kazhagam",19000000,2315,8207.3434
"Rashtriya Janutthan Party",9500000,1157,8210.8902
"Rashtriya Sawarn Dal",19000000,2293,8286.0881
"Utkal Samaj",19000000,2285,8315.0985
"Akhil Bharat Hindu Mahasabha",19000000,2278,8340.6497
"Tipu Sultan Party",38000000,4547,8357.1586
"Rashtriya Secular Majlis Party",9500000,1136,8362.6761
"New Generation People’s Party",9500000,1133,8384.8191
"Sanyogwadi Party",9500000,1128,8421.9858
"Hindustan Shakti Sena",47500000,5625,8444.4444
"Aanaithinthiya Jananayaka Pathukappu Kazhagam",19000000,2244,8467.0232
"Karunaadu Party",38000000,4481,8480.2499
"Jan Sewak Kranti Party",9500000,1120,8482.1429
"Rastriya Atal Janta Party",9500000,1116,8512.5448
"Jaathia Chethi Vruthula Ikya Vedika Party",47500000,5568,8530.8908
"Liberation Congress Party",76000000,8900,8539.3258
"Ganasangam Party of India",66500000,7776,8551.9547
"Aadim Samaj Party",9500000,1100,8636.3636
"Chennai Youth Party",19000000,2195,8656.0364
"All India Majlis-E-Inquilab-E-Millat",47500000,5454,8709.2043
"Rashtriya Janhit Sangharsh Party",9500000,1090,8715.5963
"Dr. Bhimrao Ambedkar Dal",9500000,1078,8812.6160
"Manav Kranti Party",9500000,1076,8828.9963
"Pyramid Party of India",247000000,27966,8832.1533
"Naadaalum Makkal Katchi",114000000,12895,8840.6359
"Vidiyalai Thedum Indhiyargal Party",9500000,1073,8853.6813
"Proutist Sarva Samaj",9500000,1069,8886.8101
"Rashtra Samarpan Party",28500000,3205,8892.3557
"Aam Aadmi Parivartan Party",19000000,2128,8928.5714
"Samaj Vikas Kranti Party",57000000,6373,8943.9824
"Lokrajya Janata Party",9500000,1061,8953.8172
"Akhil Bharatiya Manavata Paksha",9500000,1057,8987.7010
"National Maha Sabha Party",38000000,4184,9082.2180
"Shiromani Lok Dal Party",9500000,1044,9099.6169
"Loktantrik Lok Rajyam Party",38000000,4169,9114.8957
"Apna Samaj Party",19000000,2083,9121.4594
"Punnagai Desam Party",9500000,1040,9134.6154
"Apni Prajahit Party",38000000,4109,9247.9922
"Netaji Subhash Chander Bose Rashtriya Azad Party",9500000,1019,9322.8656
"Samaniya Makkal Nala Katchi",85500000,8990,9510.5673
"National Black Panther Party",19000000,1994,9528.5858
"Rashtriya Sant Sandesh Party",9500000,994,9557.3441
"Rashtriya Maratha Party",28500000,2978,9570.1813
"Kranti Kari Jai Hind Sena",28500000,2976,9576.6129
"Sehajdhari Sikh Party",9500000,987,9625.1266
"Rashtriya Jansena Party",9500000,983,9664.2930
"India Manus Party",9500000,982,9674.1344
"Karnataka Praja Party (RaithaParva)",9500000,978,9713.7014
"Saman Adhikar Party",19000000,1943,9778.6927
"Navabharath Sena",28500000,2898,9834.3685
"Rashtriya Republican Party",47500000,4801,9893.7721
"Mission All India Independent Justice Party",9500000,960,9895.8333
"Janta Darbar Party",9500000,956,9937.2385
"Buland Bharat Party",9500000,955,9947.6440
"Pichhara Samaj Party United",9500000,952,9978.9916
"Tamilar Makkal Katchi",19000000,1904,9978.9916
"Welfare Party Of India",9500000,951,9989.4848
"All India Uzhavargal Uzhaippalargal Katchi",9500000,950,10000.0000
"Vidhyarthula Rajakiya Party",47500000,4747,10006.3198
"Bharatiya Jan Morcha Party",9500000,945,10052.9101
"Aman Samaj Party",9500000,945,10052.9101
"Bheem Tribal Congress",66500000,6603,10071.1798
"Bhartiya Rashtriya Jansatta",9500000,941,10095.6429
"Bahujan Kranti Party (Marxwad-Ambedkarwad)",9500000,940,10106.3830
"Janta Raj Vikas Party",9500000,939,10117.1459
"Anaithu India Makkal Katchi",9500000,937,10138.7407
"Janta Kranti Party",9500000,936,10149.5726
"Samaj Bhalai Morcha",9500000,930,10215.0538
"Country Citizen Party",38000000,3712,10237.0690
"Anna MGR Dravida Makkal Kalgam",47500000,4629,10261.3955
"Akhil Bhartiya Kisan Majdoor Party",9500000,924,10281.3853
"Himachal Janta Party",19000000,1825,10410.9589
"Swaraj Kranti Party",9500000,909,10451.0451
"Blue India Party",19000000,1803,10537.9922
"Democratic Socialist Party of India",9500000,885,10734.4633
"Aadarsh Sangram Party",9500000,865,10982.6590
"Ambedkarist Republican Party",19000000,1727,11001.7371
"Bharatiya Asha Party",47500000,4300,11046.5116
"Uttar Pradesh Republican Party",9500000,854,11124.1218
"Digvijaya Bharatha Party",9500000,850,11176.4706
"Republican Party of India Bharatha",9500000,848,11202.8302
"Jan Shakti Ekta Party",9500000,847,11216.0567
"Jindabad Kranti Party",19000000,1690,11242.6036
"Parivartan Party of India",19000000,1686,11269.2764
"Public Political Party",57000000,5054,11278.1955
"Satya Bahumat Party",9500000,842,11282.6603
"Bhartiya Sabka Dal",9500000,841,11296.0761
"Jana Sahayaka Sakthi",19000000,1644,11557.1776
"Akhil Bharatiya Muslim League (Secular)",9500000,821,11571.2546
"Rashtriya Lokswaraj Party",19000000,1641,11578.3059
"New Labour Party",9500000,819,11599.5116
"Akhil Bhartiya Aamjan Party",9500000,818,11613.6919
"Kunbi Bahujan Sawrajya Party",9500000,817,11627.9070
"Sanjhi Virasat Party",19000000,1610,11801.2422
"Pachchasi Parivartan Samaj Party",9500000,802,11845.3865
"Republican Party of India",38000000,3204,11860.1748
"Jana Shankhaaraavam Party",9500000,797,11919.6989
"India Greens Party",28500000,2387,11939.6732
"Rashtriy Bahujan Party",9500000,795,11949.6855
"Lokshahi Ekta Party",19000000,1585,11987.3817
"Rashtriya Mazdoor Ekta Party",9500000,791,12010.1138
"Chhatrapati Shivaji Bhartiya Garib Party",9500000,790,12025.3165
"Nam India Naam Indiyar Katchi",9500000,790,12025.3165
"Telugu Congress Party",9500000,790,12025.3165
"Lokpriya Rashtrawadi Party",9500000,782,12148.3376
"Anjaan Aadmi Party",9500000,781,12163.8924
"Akhand Bharat Swatantra Party",9500000,780,12179.4872
"Bharatiya Liberal Party",19000000,1552,12242.2680
"Mission Naya Digant Party",9500000,772,12305.6995
"Bhrashtachar Mukti Morcha",9500000,766,12402.0888
"Rashtriya Jan Karmath Party",9500000,764,12434.5550
"Tamilaga Makkal Nala Katchi",9500000,761,12483.5742
"Bhartiya Mahasangh Party",9500000,758,12532.9815
"Aadi Bharat Party",9500000,742,12803.2345
"Jamat-E-Seratul Mustakim",9500000,741,12820.5128
"Rashtra Samanya Praja Party",19000000,1474,12890.0950
"Makkal Nala Kazhagam",9500000,736,12907.6087
"Bharatiya Lokvikas Party",9500000,723,13139.6957
"Jai Hindustan Party",9500000,711,13361.4627
"All India People Development Party",9500000,711,13361.4627
"BhartiyaBahujanKranti Dal",9500000,709,13399.1537
"Samrat Mihir Bhoj Samaj Party",19000000,1412,13456.0907
"Bharatiya Prajagala Kalyana Paksha",38000000,2816,13494.3182
"Marxist Communist Party of India (United)",47500000,3505,13552.0685
"Aam Lok Party United",9500000,695,13669.0647
"Ambedkar National Congress",9500000,688,13808.1395
"Rashtriya Congress(J) Party",9500000,685,13868.6131
"Yuva Taram Party",19000000,1369,13878.7436
"Bharat Peoples Sena",9500000,683,13909.2240
"Republican Party of India (Karnataka)",28500000,2018,14122.8940
"Sakala Janula Party",19000000,1324,14350.4532
"Satyawadi Rakshak Party",9500000,657,14459.6651
"National Republic Party Of India",9500000,657,14459.6651
"Sacho Sach Party",9500000,652,14570.5521
"Youth India Peace Party",9500000,649,14637.9045
"Ulzaipali Makkal Katchy",28500000,1929,14774.4946
"Adarsh Samaj Party",9500000,643,14774.4946
"Rashtravadi Loktantrik Party (India)",9500000,641,14820.5928
"Praja Prasthanam Party",9500000,633,15007.8989
"All India Jananayaka Makkal Kazhagam",9500000,633,15007.8989
"Bahujana Left Party",19000000,1265,15019.7628
"Thakkam Katchi",57000000,3785,15059.4452
"Bharatiya Sampuran Krantikari Party",28500000,1880,15159.5745
"Praja Ektha Party",19000000,1252,15175.7188
"Manav Samadhan Party",9500000,622,15273.3119
"Challengers Party",19000000,1243,15285.5994
"Rashtriya Rashtrawadi Party",9500000,614,15472.3127
"Bharatiya Inqalab Party",9500000,610,15573.7705
"Gareeb Aadmi Party",38000000,2425,15670.1031
"Mera Bharat Mahan Party",9500000,604,15728.4768
"Kisan Vishwa Party",9500000,603,15754.5605
"Voters Independent Party",9500000,601,15806.9884
"Aawami Pichhada Party",9500000,594,15993.2660
"Bahujan National Party (Ambedkar)",9500000,586,16211.6041
"Guruchand Sena Dal",9500000,583,16295.0257
"Samajwadi Janata Party(Karnataka)",38000000,2320,16379.3103
"All India Kisan Janatha party",9500000,578,16435.9862
"Kranti Janshakti Party",9500000,575,16521.7391
"Rashtriya Suraksha Party",9500000,574,16550.5226
"Janahitha Paksha",19000000,1130,16814.1593
"Indian Movement Party",19000000,1117,17009.8478
"Telangana Jaghir Party",28500000,1648,17293.6893
"Loktantrik Janshakti Party",38000000,2191,17343.6787
"Dalit Kranti Dal",9500000,547,17367.4589
"Navsarjan Bharat Party",9500000,545,17431.1927
"Akhil Bhartiya Aarakshit Samaj Party",9500000,544,17463.2353
"Aap Sabki Apni Party",9500000,528,17992.4242
"Vikas India Party",19000000,1054,18026.5655
"Raita Bharat Party",9500000,518,18339.7683
"All India Mahila Empowerment Party",9500000,515,18446.6019
"Corruption Abolition Party",9500000,501,18962.0758
"All Peoples Party",28500000,1495,19063.5452
"Tamizhaga Murpokku Makkal Katchi",28500000,1488,19153.2258
"Bhartiya Panchyat Party",9500000,494,19230.7692
"Secular Democratic Congress",9500000,490,19387.7551
"Telangana Republican Party",28500000,1452,19628.0992
"Kannada  Paksha",9500000,477,19916.1426
"Hamara Sahi Vikalp Party",9500000,476,19957.9832
"Bhartiya Veer Dal",9500000,470,20212.7660
"Super Power India Party",28500000,1400,20357.1429
"Bengaluru Nava Nirmana Party",9500000,461,20607.3753
"Radical Party of India (Ambedkarist)",9500000,454,20925.1101
"Desh Prem Party",9500000,454,20925.1101
"Sarvlokhit Samaj Party",9500000,446,21300.4484
"Bharatiya Jan Jagriti Party",19000000,879,21615.4721
"Dhoom Sena",9500000,434,21889.4009
"Indian Labour Party (Ambedkar Phule)",38000000,1729,21978.0220
"Neethi Nijayithi Party",9500000,430,22093.0233
"Indian National Yuva Jana Party",19000000,847,22432.1133
"Maa Telangana Party",9500000,423,22458.6288
"Samajik Sangharsh Party",9500000,419,22673.0310
"Navodayam Party",9500000,414,22946.8599
"Young Star Empowerment Party",38000000,1616,23514.8515
"Bharatiya Mulnivasi Aazad Party",9500000,396,23989.8990
"All India National Raksha Sena",9500000,396,23989.8990
"Bhartiya Jan Vikas Aaghadi",9500000,391,24296.6752
"Rani Chennamma Party",19000000,771,24643.3204
"Bahujan Shoshit Samaj Sangharsh Samta Party",9500000,373,25469.1689
"Andhra Pradesh Rashtra Samithi",9500000,358,26536.3128
"Akhil Bhartiya Sudhar Party",9500000,321,29595.0156
"Loktantrik Janta Dal",9500000,316,30063.2911
"Karnataka Karmikara Paksha",9500000,314,30254.7771
"Tamilnadu Makkal Nalvazhvu Periyakkam",9500000,314,30254.7771
"Bharatrashtra Democratic Party",9500000,310,30645.1613
"All India Jaihind Party",9500000,269,35315.9851
"Bharat Lok Sewak Party",9500000,262,36259.5420
"Republican Party of India  (Sivaraj)",9500000,259,36679.5367
"Rashtriya Mangalam Party",9500000,257,36964.9805
"Rashtriya Jatigat Aarakshan Virodhi Party",9500000,215,44186.0465
"All India Backward People Sunami Party",9500000,210,45238.0952
"Indian Praja Congress",9500000,141,67375.8865
"Telangana Prajaa Jeevana Rythu Party",9500000,141,67375.8865
